-- phpMyAdmin SQL Dump
-- version 5.1.0
-- https://www.phpmyadmin.net/
--
-- Host: 127.0.0.1
-- Generation Time: Aug 03, 2022 at 12:05 PM
-- Server version: 10.4.19-MariaDB
-- PHP Version: 7.3.28

SET SQL_MODE = "NO_AUTO_VALUE_ON_ZERO";
START TRANSACTION;
SET time_zone = "+00:00";


/*!40101 SET @OLD_CHARACTER_SET_CLIENT=@@CHARACTER_SET_CLIENT */;
/*!40101 SET @OLD_CHARACTER_SET_RESULTS=@@CHARACTER_SET_RESULTS */;
/*!40101 SET @OLD_COLLATION_CONNECTION=@@COLLATION_CONNECTION */;
/*!40101 SET NAMES utf8mb4 */;

--
-- Database: `pk2`
--

-- --------------------------------------------------------

--
-- Table structure for table `admin`
--

CREATE TABLE `admin` (
  `email` varchar(255) NOT NULL,
  `password` varchar(255) NOT NULL
) ENGINE=InnoDB DEFAULT CHARSET=utf8mb4;

--
-- Dumping data for table `admin`
--

INSERT INTO `admin` (`email`, `password`) VALUES
('pk@gmail.com', '1234');

-- --------------------------------------------------------

--
-- Table structure for table `album`
--

CREATE TABLE `album` (
  `sn` int(11) NOT NULL,
  `code` varchar(255) NOT NULL,
  `email` varchar(255) NOT NULL,
  `album_name` varchar(255) NOT NULL,
  `description` blob NOT NULL,
  `status` int(11) NOT NULL,
  `category_code` varchar(255) NOT NULL
) ENGINE=InnoDB DEFAULT CHARSET=utf8mb4;

--
-- Dumping data for table `album`
--

INSERT INTO `album` (`sn`, `code`, `email`, `album_name`, `description`, `status`, `category_code`) VALUES
(1, 'Uh4VDK_1', 'pk@gmail.com', 'South Indian Express', 0x46696e616e63652070726f66657373696f6e616c732c204927766520676f74206e65777320666f7220796f75210d0a0d0a50726f66657373696f6e616c73206f757473696465206f662046696e616e636520646f6e2774206c696b65206e756d626572733a0d0a0d0a5468617427732072696768742e205468657920646f6e2774206c6f6f6b206174207468696e6773207468652073616d652077617920776520646f2e0d0a0d0a486f772063616e207765207468656e20636f6d6d756e69636174652077697468207468656d3f0d0a0d0a5468617427732073696d706c652e205765207573652076697375616c732e, 0, '4mKi1D_1'),
(2, '48hGkR_2', 'pk@gmail.com', 'Andaaz Apna Apna', 0x4265666f7265207765206b6e65772069742c207061796d656e74206170707320626563616d6520616e2065766572796461792070617274206f66206f7572206c697665732e20576974682065616368206f66207468656d2064656c69766572696e6720646966666572656e7420657870657269656e6365732c20776869636820697320796f757220676f20746f207061796d656e74206170703f2023756920237578202364657369676e20237061796d656e74202370726f63726561746f722023677061792023706179746d202370686f6e6570652023706f6c6c20236f6e6c696e657061796d656e7473, 0, 'pE3kcT_2'),
(3, 'uHRPpE_3', 'pk@gmail.com', 'Avtaar', 0x4275742077652063726561746520636f6e74656e7420666f7220636f6e73756d6572732c206e6f74206a75737420666f72206f757273656c7665732e20492068617665206e6f77206465636964656420746f207069636b2075702032206d6f7374207369676e69666963616e74207061696e20706f696e747320746861742049206861766520686561726420696e20666565646261636b20616e6420676f696e6720746f20626520776f726b696e67206f6e207468656d2d, 0, 'Hz16ax_3'),
(4, 'WYCkAQ_4', 'pk@gmail.com', 'Hindi', 0x53746172746564206120c3b0c29dc290c2acc3b0c29dc290c2a2c3b0c29dc290c2adc3b0c29dc290c29e2c20c3b0c29dc290c282c3b0c29dc290c2a8c3b0c29dc290c29dc3b0c29dc290c29ec3b0c29dc290c2adc3b0c29dc290c29ac3b0c29dc290c2a520666f722074686f73652077686f207072656665722072656164696e672e2054686572652077696c6c206265206120706f73742076657273696f6e206f6620616c6c206d7920766964656f732c20616e64204920706c616e20746f20636f76657220636f646520696e20616c6c206c616e67756167657320776974682074696d652e, 0, 'j3OoKb_4'),
(5, 'L587hs_5', 'pk@gmail.com', 'English', 0x466163696e67206d792062696767657374206665617220647572696e6720636f6e74656e74206372656174696f6e206f6e206d792062697274686461792e0d0a0d0a49206c6f7665207465616368696e6720616e64206372656174696e6720636f6e74656e742c2062757420492068617665206265656e207665727920696e636f6e73697374656e74206f6e206d79206368616e6e656c2e20492068617665206f6e6c79206372656174656420636f6e74656e74207468617420776173206368616c6c656e67696e6720746f20637265617465202d20666f72206d6520616c736f2e2049207075742061204c4f54206f6620726573656172636820626568696e642065766572792073696e676c6520766964656f2049206d6164652e, 0, 'DF6Qyc_5'),
(6, 'ZNnVY5_6', 'pk@gmail.com', 'Punjabi ', 0x53746172746564206120c3b0c29dc290c2acc3b0c29dc290c2a2c3b0c29dc290c2adc3b0c29dc290c29e2c20c3b0c29dc290c282c3b0c29dc290c2a8c3b0c29dc290c29dc3b0c29dc290c29ec3b0c29dc290c2adc3b0c29dc290c29ac3b0c29dc290c2a520666f722074686f73652077686f207072656665722072656164696e672e2054686572652077696c6c206265206120706f73742076657273696f6e206f6620616c6c206d7920766964656f732c20616e64204920706c616e20746f20636f76657220636f646520696e20616c6c206c616e67756167657320776974682074696d652e0d0a0d0a546869732069732061206e657720626567696e6e696e672c20616e642049207265616c6c79206e65656420796f7572206c6f766520616e6420737570706f72742120492070726f6d69736520746f2062652064656469636174656420616e6420746f206b65657020676976696e67206d7920626573743b20492077696c6c2064656c69766572207768617420594f5520617265206c6f6f6b696e6720666f7221, 0, 'J3l1yN_6'),
(7, 'r6wKb9_7', 'pk@gmail.com', 'Telugu', 0x4c6966652069732061206a6f75726e6579206f6e206461726b20706174687320746f206f75722064657374696e6174696f6e2c20616e642061206d656e746f7220706c6179732074686520726f6c65206f662070726f766964696e67206120746f726368206d616465206f7574206f662068697320657870657269656e6365732c206d616b696e6720746865206a6f75726e6579206561737920616e6420617070726f707269617465, 0, '4mKi1D_1'),
(8, 'cHnqwf_8', 'pk@gmail.com', 'Kanaada', 0x57697468206c617465737420414920616e64204d616368696e65206c6561726e696e672c50726f63657373206175746f6d6174696f6e2e2e7468617420646179206973206e6f7420666172207768656e2048756d616e732077696c6c206861766520746f206c6561726e20776861742069732022496e74656c6c6967656e63652220616e6420224465636973696f6e206d616b696e6722202121205765206861766520646576656c6f706564206f6e6c696e652064656c697665727920617070732c6f6e6c696e652042616e6b696e672c20496e737572616e63652c536d6172742070726564696374697665, 0, '4mKi1D_1'),
(9, 'A4KGym_9', 'pk@gmail.com', 'Marathi', 0x73797374656d7320616e6420494f54202c416e616c7974696373202e2e6275742077652061726520666f7267657474696e6720636f6d6d6f6e2073656e73652e2057652061726520646570656e64656e74206f6e20436f6d70757465727320666f722065766572797468696e67206e6f772e205765206d7573742072656d656d6265722074686174206d616368696e65732063616e206e6576657220626520696e74656c6c6967656e74207468616e2048756d616e206265696e67732e2e627574206c61747465722077696c6c206265636f6d652064756d6220736f6f6e2e, 0, '4mKi1D_1'),
(10, 'rixQuA_10', 'pk@gmail.com', 'Bengalli', 0x4d7920686561727466656c74207468616e6b7320746f205368756268616d2042616e73616c2c20416268697368656b2059616461762c2052616d616e204775676e616e692c2050756e65657420436861776c6120666f7220616c77617973206265696e67206279206d7920736964652c20666f7220616e7920736f7274206f662068656c702c2067756964616e636520616e642064697363757373696f6e732e, 0, 'pE3kcT_2'),
(11, 'iwDohL_11', 'pk@gmail.com', 'Sad Song', 0x676976696e67206261636b20746f20746865206e617475726520616e6420736f636965747920616e64207769746820616e206f626a65637469766520746f20737472656e677468656e206f7572207375737461696e61626c6520726f61646d61702c207765206a6f696e65642068616e64732077697468204e6174726157696c64204e6574776f726b20496e6469612c206120796f756e672067726f7570206f662070656f706c652077686f20686176652074616b656e2074686520696e697469617469766520746f207370726561642061776172656e657373206f6e20766172696f75732073756368206973737565732e, 0, 'pE3kcT_2'),
(12, 'y7tWZM_12', 'pk@gmail.com', 'Bollywood Song', 0x42696379636c652069732074686520736c6f77206465617468206f662074686520706c616e65742e220d0a0d0a412062616e6b6572206d616465207468652065636f6e6f6d69737473207468696e6b2074686973207768656e20686520736169643a0d0a0d0ac3a2c280c29c41206379636c697374206973206120646973617374657220666f722074686520636f756e747279c3a2c280c299732065636f6e6f6d793a, 0, 'pE3kcT_2'),
(13, 'mznvj0_13', 'pk@gmail.com', 'Sufi Song', 0x5468697320342d64617973206c6f6e67206576656e7420776f756c6420696e636c756465206120776f726b73686f7020666f7220626567696e6e65727320746f20616476616e63656420776974682068616e6473206f6e20657870657269656e636520c3b0c29fc298c28c616e64206c6976652064656d6f6e7374726174696f6e2c20666f6c6c6f77656420627920332d64617973206f6620636f6d706574696e6720746f20646576656c6f702077656c6c2d637261667465642047697468756220526561646d6520c3b0c29fc293c29a20616e6420616e206f70706f7274756e69747920746f2077696e20736f6d6520616d617a696e67207072697a65732ec3b0c29fc2a4c2a920, 0, 'Hz16ax_3'),
(14, 'SMuVAp_14', 'pk@gmail.com', 'Disco Song', 0x54686520776f726b73686f7020776f756c6420626520616464726573736564206279204d616e617376766920416767617277616c20616e6420546175716565722041686d61642e0d0a0d0a4d616e617376766920416767617277616c2069732061207072652d66696e616c20796561722073747564656e74206174204947445455572c2043686170746572204c65616420404769726c7363726970742044656c68692c2042657461204d4c534120c3a2c29cc2a8616e642054726561737572657220404353442c204947445455572ec3b0c29fc292c2ab2020202020202020202020202020202020202020202020202020202020202020202020202020202020202020202020202020202020202020202020202020202020202020202020202020202020202020202020202020202020202020202020202020, 0, 'Hz16ax_3'),
(15, '27ojQc_15', 'pk@gmail.com', 'Radhe Shyaam', 0x546869732070726f6a656374206d616b657320736f6d65207265616c6c7920696d7072657373697665206761696e732077697468206175746f6d61746963204e4c5020617070726f61636820746f207461636b6c696e6720746865206368616c6c656e67696e67207175616e746974617469766520726561736f6e696e672070726f626c656d732e204d696e657276612069732061206c61726765206c616e6775616765206d6f64656c20707265747261696e6564206f6e2067656e6572616c206e61747572616c206c616e6775616765206461746120616e64206675727468657220747261696e6564206f6e20746563686e6963616c20636f6e74656e742e20, 0, 'Hz16ax_3'),
(16, 'IYFEKR_16', 'pk@gmail.com', 'Atrangi Re', 0x546869732070726f6a656374206d616b657320736f6d65207265616c6c7920696d7072657373697665206761696e732077697468206175746f6d61746963204e4c5020617070726f61636820746f207461636b6c696e6720746865206368616c6c656e67696e67207175616e746974617469766520726561736f6e696e672070726f626c656d732e204d696e657276612069732061206c61726765206c616e6775616765206d6f64656c20707265747261696e6564206f6e2067656e6572616c206e61747572616c206c616e6775616765206461746120616e64206675727468657220747261696e6564206f6e20746563686e6963616c20636f6e74656e742e20, 0, 'j3OoKb_4'),
(17, '36rQp0_17', 'pk@gmail.com', 'Rock Song', 0x54686f7365207374616e64617264732061726520736f206e6172726f772074686174206d6178696d756d2070656f706c65206665656c207468657920646f6e27742073617469736679207468656d2e204974206d616b6573207468656d206665656c2074686174207468657920617265206e6f7420676f6f6420656e6f7567682e0d0a0d0a416e6420736f6369616c206e6574776f726b696e672073697465732068617665206d616465206974206576656e20776f7273652e, 0, 'j3OoKb_4'),
(18, 'oJ81b4_18', 'pk@gmail.com', 'Kids Song', 0x50656f706c652061726520637269746963697a696e67207468656972206c6f6f6b73206c696b65206e65766572206265666f726520627920636f6e7374616e746c7920636f6d706172696e67207468656d73656c7665732077697468206f746865722070656f706c652e0d0a0d0a492077617320636f6e76657273696e672077697468206120636c69656e742061626f757420616363657074696e67207468652077617920796f75206c6f6f6b2c20616e64206865207361696420746f206d652c222069742773206561737920666f7220796f7520746f207361792074686174206265636175736520796f75206c6f6f6b2061747472616374697665202e220d0a, 0, 'j3OoKb_4');

-- --------------------------------------------------------

--
-- Table structure for table `category`
--

CREATE TABLE `category` (
  `sn` int(11) NOT NULL,
  `code` varchar(255) NOT NULL,
  `email` varchar(255) NOT NULL,
  `category_name` varchar(255) NOT NULL,
  `status` int(11) NOT NULL
) ENGINE=InnoDB DEFAULT CHARSET=utf8mb4;

--
-- Dumping data for table `category`
--

INSERT INTO `category` (`sn`, `code`, `email`, `category_name`, `status`) VALUES
(1, '4mKi1D_1', 'pk@gmail.com', 'Pop Pip', 0),
(2, 'pE3kcT_2', 'pk@gmail.com', 'Classical', 0),
(3, 'Hz16ax_3', 'pk@gmail.com', 'Hip-Hop and Rap', 0),
(4, 'j3OoKb_4', 'pk@gmail.com', 'Metal', 0),
(5, 'DF6Qyc_5', 'pk@gmail.com', 'Folk', 1),
(6, 'J3l1yN_6', 'pk@gmail.com', 'EDM (Electronic Dance Music)', 1),
(7, 'JYH6nM_7', 'pk@gmail.com', 'Blues', 1);

-- --------------------------------------------------------

--
-- Table structure for table `favorite`
--

CREATE TABLE `favorite` (
  `email` varchar(255) NOT NULL,
  `code` varchar(255) NOT NULL,
  `color` varchar(10) NOT NULL
) ENGINE=InnoDB DEFAULT CHARSET=utf8mb4;

--
-- Dumping data for table `favorite`
--

INSERT INTO `favorite` (`email`, `code`, `color`) VALUES
('pramod@gmail.com', 'fLobdC_5', 'red'),
('pramod@gmail.com', 'VGCfka_1', 'red');

-- --------------------------------------------------------

--
-- Table structure for table `song`
--

CREATE TABLE `song` (
  `sn` int(11) NOT NULL,
  `code` varchar(255) NOT NULL,
  `email` varchar(255) NOT NULL,
  `song_name` varchar(255) NOT NULL,
  `description` blob NOT NULL,
  `album_code` varchar(255) NOT NULL,
  `status` int(11) NOT NULL
) ENGINE=InnoDB DEFAULT CHARSET=utf8mb4;

--
-- Dumping data for table `song`
--

INSERT INTO `song` (`sn`, `code`, `email`, `song_name`, `description`, `album_code`, `status`) VALUES
(1, 'yqnd5e_1', 'pk@gmail.com', 'Oh Sanam', 0x486f7720646f20796f75206b6e6f7720776869636820617265207468652072696768742076697375616c7320746f207069636b3f0d0a0d0a486572652773206120717569636b20677569646520666f7220796f75207468617420686967686c696768747320736f6d6520636f6d6d6f6e2077617973206f662076697375616c697a6174696f6e20646174612e0d0a0d0a486f7720776f756c6420796f75206c696b6520746f2062652070726573656e74656420746f3f204e756d62657273206f722076697375616c732e2e2e, 'Uh4VDK_1', 0),
(1, 'VGCfka_1', 'pk@gmail.com', 'Dil Ko Karaar Aaya', 0x49206c6f7665207465616368696e6720616e64206372656174696e6720636f6e74656e742c2062757420492068617665206265656e207665727920696e636f6e73697374656e74206f6e206d79206368616e6e656c2e20492068617665206f6e6c79206372656174656420636f6e74656e74207468617420776173206368616c6c656e67696e6720746f20637265617465202d20666f72206d6520616c736f2e2049207075742061204c4f54206f6620726573656172636820626568696e642065766572792073696e676c6520766964656f2049206d6164652e, '48hGkR_2', 0),
(1, '7etomR_1', 'pk@gmail.com', 'Dola Re Dola', 0x2053746172746564206120c3b0c29dc290c2a7c3b0c29dc290c29ec3b0c29dc290c2b020c3b0c29dc290c29cc3b0c29dc290c2a1c3b0c29dc290c29ac3b0c29dc290c2a7c3b0c29dc290c2a7c3b0c29dc290c29ec3b0c29dc290c2a52c20c3b0c29dc290c29cc3b0c29dc290c2a8c3b0c29dc290c29dc3b0c29dc290c29e20c3b0c29dc290c29fc3b0c29dc290c2abc3b0c29dc290c2a8c3b0c29dc290c2a620c3b0c29dc290c2acc3b0c29dc290c29cc3b0c29dc290c2abc3b0c29dc290c29ac3b0c29dc290c2adc3b0c29dc290c29cc3b0c29dc290c2a12c20666f7220c3b0c29dc290c29bc3b0c29dc290c29ec3b0c29dc290c2a0c3b0c29dc290c2a2c3b0c29dc290c2a7c3b0c29dc290c2a7c3b0c29dc290c29ec3b0c29dc290c2abc3b0c29dc290c2ac2c20776865726520492077696c6c20706f7374206120766964656f204556455259444159212054686520636f6e74656e74206f6e20746865206d61696e206368616e6e656c207368616c6c20616c736f20636f6e74696e756521, 'uHRPpE_3', 0),
(1, 'gRJkIM_1', 'pk@gmail.com', 'Sajan tere pyaar mai', 0x546869732069732061206e657720626567696e6e696e672c20616e642049207265616c6c79206e65656420796f7572206c6f766520616e6420737570706f72742120492070726f6d69736520746f2062652064656469636174656420616e6420746f206b65657020676976696e67206d7920626573743b20492077696c6c2064656c69766572207768617420594f5520617265206c6f6f6b696e6720666f72210d0a0d0a4c696e6b7320746f20746865206e6577206368616e6e656c20616e64207369746520696e206465736372697074696f6e20696e20636f6d6d656e74732e20446f20636865636b207468656d206f75742e20486f706520796f75206c696b65207468656d210d0a0d0a, 'WYCkAQ_4', 0),
(1, 'JFQhNf_1', 'pk@gmail.com', 'Isaq Ki bimmar ho ', 0x4275742077652063726561746520636f6e74656e7420666f7220636f6e73756d6572732c206e6f74206a75737420666f72206f757273656c7665732e20492068617665206e6f77206465636964656420746f207069636b2075702032206d6f7374207369676e69666963616e74207061696e20706f696e747320746861742049206861766520686561726420696e20666565646261636b20616e6420676f696e6720746f20626520776f726b696e67206f6e207468656d2d0d0a0d0ac3b0c29fc294c2b42053746172746564206120c3b0c29dc290c2a7c3b0c29dc290c29ec3b0c29dc290c2b020c3b0c29dc290c29cc3b0c29dc290c2a1c3b0c29dc290c29ac3b0c29dc290c2a7c3b0c29dc290c2a7c3b0c29dc290c29ec3b0c29dc290c2a52c20c3b0c29dc290c29cc3b0c29dc290c2a8c3b0c29dc290c29dc3b0c29dc290c29e20c3b0c29dc290c29fc3b0c29dc290c2abc3b0c29dc290c2a8c3b0c29dc290c2a620c3b0c29dc290c2acc3b0c29dc290c29cc3b0c29dc290c2abc3b0c29dc290c29ac3b0c29dc290c2adc3b0c29dc290c29cc3b0c29dc290c2a12c20666f7220c3b0c29dc290c29bc3b0c29dc290c29ec3b0c29dc290c2a0c3b0c29dc290c2a2c3b0c29dc290c2a7c3b0c29dc290c2a7c3b0c29dc290c29ec3b0c29dc290c2abc3b0c29dc290c2ac2c20776865726520492077696c6c20706f7374206120766964656f204556455259444159212054686520636f6e74656e74206f6e20746865206d61696e206368616e6e656c207368616c6c20616c736f20636f6e74696e756521, 'L587hs_5', 0),
(1, 'NAglv7_1', 'pk@gmail.com', 'Dilbar Song', 0x546869732069732061206e657720626567696e6e696e672c20616e642049207265616c6c79206e65656420796f7572206c6f766520616e6420737570706f72742120492070726f6d69736520746f2062652064656469636174656420616e6420746f206b65657020676976696e67206d7920626573743b20492077696c6c2064656c69766572207768617420594f5520617265206c6f6f6b696e6720666f72210d0a0d0a4c696e6b7320746f20746865206e6577206368616e6e656c20616e64207369746520696e206465736372697074696f6e20696e20636f6d6d656e74732e20446f20636865636b207468656d206f75742e20486f706520796f75206c696b65207468656d21, 'ZNnVY5_6', 0),
(2, 'n5PJBq_2', 'pk@gmail.com', 'Saathi satha nibana', 0x63616e2073686172652069742077697468206120726f6f6d6d6174652e0d0a50726f207469703a2053746f702072656c79696e6720696e2046422067726f7570732c2077616c6b207468726f75676820746865206172656120796f752077616e7420746f207374617920616e64206469726563746c792074616c6b20746f20746865206f776e65722e20492068617665206d6574207265616c206e6963652070656f706c6520686572652e2053746f70207468652062726f6b657220726f757465, '48hGkR_2', 1),
(3, '4jWU3q_3', 'pk@gmail.com', 'Akele Akele', 0x416c6c20746865206b69746368656e207574656e73696c732c20626c616e6b65742c2070696c6c6f772c206375727461696e732c207269636520636f6f6b65722c20696e64756374696f6e20686173206265656e2073656e74206279206d79206d6f746865722076696120496e64696120706f737420616e642044656c6869766572792e20496e64696120706f737420636861726765642031383020616e642044656c6869766572792063686172676564203530302e20546865736520616c6c207468696e6773207765726520657874726120696e206d7920686f6d652e2044656c69766572792068617070656e656420696e206c657373207468616e203720646179732e, '48hGkR_2', 1),
(4, '6ijIZl_4', 'pk@gmail.com', 'Dil per haathe rakha ke', 0x4920676f20746f206f666669636520696e207075626c6963206275732e2041432062757320636861726765733a20313520494e522c204e4f4e2d414320427573206368617267657320313020494e522e2049206861766520746f20676f20746f206f66666963652074776963652061207765656b206173206f66206e6f772e0d0a546865204f6c612c20556265722070726963657320617265206869676820616e64206974732061206861726173736d65, '48hGkR_2', 1),
(2, 'uh4HVl_2', 'pk@gmail.com', 'Dillagi gilo ki', 0x426f75676874206672696467652c2066756c6c79206175746f6d617469632077617368696e67206d616368696e652c20717565656e2073697a65206265642077697468206d6174747265737320666f7220323030303020494e522028696e636c7564696e67207368697070696e67292066726f6d2046616365626f6f6b206d61726b6574706c6163652077686963682061726520696e207665727920676f6f6420636f6e646974696f6e2e204576656e206966204920617373756d6520492077696c6c207374617920696e2042616e67616c6f726520666f72203132206d6f6e7468732c206974206973203136363720494e5220706572206d6f6e7468207768696368206973206c6f776572207468616e2072656e74696e672066726f6d20616e7920776562736974652e, 'uHRPpE_3', 1),
(5, 'fLobdC_5', 'pk@gmail.com', 'Chup Chup ke', 0x436f6f6b696e67206761732031303030207065722063796c696e6465722077686963682077696c6c20656173696c79206c6173742033206d6f6e7468732e20446f75626c65206275726e6572204f76656e203132303020494e522e0d0a0d0a372e204920676f20746f206f666669636520696e207075626c6963206275732e2041432062757320636861726765733a20313520494e522c204e4f4e2d414320427573206368617267657320313020494e522e2049206861766520746f20676f20746f206f66666963652074776963652061207765656b206173206f66206e6f772e, '48hGkR_2', 0),
(3, 'IHOcPm_3', 'pk@gmail.com', 'Hawa Bnake', 0x456c6563747269636974792062696c6c2063616ec3a2c280c2997420636f6d6d656e7420626563617573652068617665206e6f742070616964207965742e2042757420657870656374696e6720746f206265206c6f772c206173206e6f206c696768742074696c6c203620504d20616e64206e6f2066616e2062656361757365206f662074686520776561746865722e204f6e6c792066726964676520616e642057692d4669206973206f6e2032342a372e0d0a0d0a31312e20496620492077616e7420746f20676f20746f2067796d2c20492077696c6c20617661696c2066726565206f66666963652067796d2e, 'uHRPpE_3', 0),
(1, 'WHr85U_1', 'pk@gmail.com', 'Main Janta Hoon', 0x4c697374656e20746f20596f20596f20486f6e65792053696e6768204465205461616c69204d503320736f6e672e204465205461616c692028c3a0c2a4c2a6c3a0c2a5c28720c3a0c2a4c2a4c3a0c2a4c2bec3a0c2a4c2b2c3a0c2a5c2802920736f6e672066726f6d2074686520616c62756d2042686f6f6c204268756c616979616120322069732072656c6561736564206f6e204a756e20323032322e20546865206475726174696f6e206f6620736f6e672069732030333a33302e205468697320736f6e672069732073756e6720627920596f20596f20486f6e65792053696e67682e0d0a0d0a52656c617465642054616773202d204465205461616c69207c20c3a0c2a4c2a6c3a0c2a5c28720c3a0c2a4c2a4c3a0c2a4c2bec3a0c2a4c2b2c3a0c2a5c2802c204465205461616c69207c20c3a0c2a4c2a6c3a0c2a5c28720c3a0c2a4c2a4c3a0c2a4c2bec3a0c2a4c2b2c3a0c2a5c28020536f6e672c204465205461616c69207c20c3a0c2a4c2a6c3a0c2a5c28720c3a0c2a4c2a4c3a0c2a4c2bec3a0c2a4c2b2c3a0c2a5c280204d503320536f6e672c204465205461616c69207c20c3a0c2a4c2a6c3a0c2a5c28720c3a0c2a4c2a4c3a0c2a4c2bec3a0c2a4c2b2c3a0c2a5c280204d50332c20446f776e6c6f6164204465205461616c69207c20c3a0c2a4c2a6c3a0c2a5c28720c3a0c2a4c2a4c3a0c2a4c2bec3a0c2a4c2b2c3a0c2a5c28020536f6e672c20596f20596f20486f6e65792053696e6768204465205461616c69207c20c3a0c2a4c2a6c3a0c2a5c28720c3a0c2a4c2a4c3a0c2a4c2bec3a0c2a4c2b2c3a0c2a5c28020536f6e672c2042686f6f6c204268756c61697961612032204465205461616c69207c20c3a0c2a4c2a6c3a0c2a5c287, 'r6wKb9_7', 0),
(1, '3kLtTP_1', 'pk@gmail.com', 'De Taali', 0x57697468206c617465737420414920616e64204d616368696e65206c6561726e696e672c50726f63657373206175746f6d6174696f6e2e2e7468617420646179206973206e6f7420666172207768656e2048756d616e732077696c6c206861766520746f206c6561726e20776861742069732022496e74656c6c6967656e63652220616e6420224465636973696f6e206d616b696e6722202121205765206861766520646576656c6f706564206f6e6c696e652064656c697665727920617070732c6f6e6c696e652042616e6b696e672c20496e737572616e63652c536d6172742070726564696374697665, 'cHnqwf_8', 0),
(1, 'TokNgz_1', 'pk@gmail.com', 'Aankhon Se Batana', 0x697374656e20746f2044696b7368616e742041616e6b686f6e20536520426174616e61204d503320736f6e672e2041616e6b686f6e20536520426174616e612028c3a0c2a4c286c3a0c2a4c282c3a0c2a4c296c3a0c2a5c28bc3a0c2a4c28220c3a0c2a4c2b8c3a0c2a5c28720c3a0c2a4c2acc3a0c2a4c29fc3a0c2a4c2bec3a0c2a4c282c3a0c2a4c2a8c3a0c2a4c2be2920736f6e672066726f6d2074686520616c62756d2041616e6b686f6e20536520426174616e612069732072656c6561736564206f6e2041707220323032322e20546865206475726174696f6e206f6620736f6e672069732030333a34312e205468697320736f6e672069732073756e672062792044696b7368616e742e0d0a0d0a52656c617465642054616773202d2041616e6b686f6e20536520426174616e61207c20c3a0c2a4c286c3a0c2a4c282c3a0c2a4c296c3a0c2a5c28bc3a0c2a4c28220c3a0c2a4c2b8c3a0c2a5c28720c3a0c2a4c2acc3a0c2a4c29fc3a0c2a4c2bec3a0c2a4c282c3a0c2a4c2a8c3a0c2a4c2be2c2041616e6b686f6e20536520426174616e61207c20c3a0c2a4c286c3a0c2a4c282c3a0c2a4c296c3a0c2a5c28bc3a0c2a4c28220c3a0c2a4c2b8c3a0c2a5c28720c3a0c2a4c2acc3a0c2a4c29fc3a0c2a4c2bec3a0c2a4c282c3a0c2a4c2a8c3a0c2a4c2be20536f6e672c2041616e6b686f6e20536520426174616e61207c20c3a0c2a4c286c3a0c2a4c282c3a0c2a4c296c3a0c2a5c28bc3a0c2a4c28220c3a0c2a4c2b8c3a0c2a5c28720c3a0c2a4c2acc3a0c2a4c29fc3a0c2a4c2bec3a0c2a4c282c3a0c2a4c2a8c3a0c2a4c2be204d503320536f6e672c2041616e6b686f6e20536520426174616e61207c20c3a0c2a4c286c3a0c2a4c282c3a0c2a4c296c3a0c2a5c28bc3a0c2a4c28220c3a0c2a4c2b8c3a0c2a5c28720c3a0c2a4c2acc3a0c2a4c29fc3a0c2a4c2bec3a0c2a4c282c3a0c2a4c2a8c3a0c2a4c2be204d50332c20446f776e6c6f61642041616e6b686f6e20536520426174616e61207c20c3a0c2a4c286c3a0c2a4c282c3a0c2a4c296c3a0c2a5c28bc3a0c2a4c28220c3a0c2a4c2b8c3a0c2a5c28720c3a0c2a4c2acc3a0c2a4c29fc3a0c2a4c2bec3a0c2a4c282c3a0c2a4c2a8c3a0c2a4c2be20536f6e672c2044696b7368616e742041616e6b686f6e20536520426174616e61207c20c3a0c2a4c286c3a0c2a4c282c3a0c2a4c296c3a0c2a5c28bc3a0c2a4c28220c3a0c2a4c2b8c3a0c2a5c28720c3a0c2a4c2acc3a0c2a4c29fc3a0c2a4c2bec3a0c2a4c282c3a0c2a4c2a8c3a0c2a4c2be20536f6e672c2041616e6b686f6e20536520426174616e612041616e6b686f, 'A4KGym_9', 0),
(1, 'kQvRjx_1', 'pk@gmail.com', 'Shaadi Karke Le', 0x6f646179206d61726b732074686520496e7465726e6174696f6e616c20506c6173746963204261672046726565204461792d323032322e205468697320476c6f62616c20496e69746961746976652061696d7320746f20656e636f75726167652065766572796f6e6520746f20656c696d696e6174652074686520757365206f6620706c617374696320626167732e0d0a0d0a4576657279206461792061726f756e642038206d696c6c696f6e20706965636573206f6620706c6173746963206d616b65732074686569722077617920696e746f206f7572206f6365616e732e20417320616e206f7267616e697a6174696f6e2077686f20616c776179732062656c696576657320, 'rixQuA_10', 0),
(1, 'vwrKl9_1', 'pk@gmail.com', 'Rehna Tere Pass', 0x576520776572652061626c6520746f2074616b65206120636f75706c65206f6620686f757273206f7574206f66206f75722064617920746f2068656c70207769746820626561636820636c65616e696e6720617420476f72616920426561636820284d756d6261692920616e6420636f6c6c6563742074686520706c617374696320676172626167652e205765207765726520737572707269736564207769746820686f77206d75636820776520776572652061626c6520746f20636f6c6c65637420616e6420676574206f666620746865206265616368657320696e20612073686f7274207370616e206f662074696d652e, 'iwDohL_11', 0),
(1, '5I1czX_1', 'pk@gmail.com', 'Jogi Jogi Re', 0x42696379636c652069732074686520736c6f77206465617468206f662074686520706c616e65742e220d0a0d0a412062616e6b6572206d616465207468652065636f6e6f6d69737473207468696e6b2074686973207768656e20686520736169643a0d0a0d0ac3a2c280c29c41206379636c697374206973206120646973617374657220666f722074686520636f756e747279c3a2c280c299732065636f6e6f6d793a, 'y7tWZM_12', 0),
(1, 'WwfTPo_1', 'pk@gmail.com', 'Piya Re Piya', 0x5468697320342d64617973206c6f6e67206576656e7420776f756c6420696e636c756465206120776f726b73686f7020666f7220626567696e6e65727320746f20616476616e63656420776974682068616e6473206f6e20657870657269656e636520c3b0c29fc298c28c616e64206c6976652064656d6f6e7374726174696f6e2c20666f6c6c6f77656420627920332d64617973206f6620636f6d706574696e6720746f20646576656c6f702077656c6c2d637261667465642047697468756220526561646d6520c3b0c29fc293c29a20616e6420616e206f70706f7274756e69747920746f2077696e20736f6d6520616d617a696e67207072697a65732ec3b0c29fc2a4c2a920, 'mznvj0_13', 0),
(1, 'lj7KND_1', 'pk@gmail.com', 'Sanam Teri Kasam', 0x54686520776f726b73686f7020776f756c6420626520616464726573736564206279204d616e617376766920416767617277616c20616e6420546175716565722041686d61642e0d0a0d0a4d616e617376766920416767617277616c2069732061207072652d66696e616c20796561722073747564656e74206174204947445455572c2043686170746572204c65616420404769726c7363726970742044656c68692c2042657461204d4c534120c3a2c29cc2a8616e642054726561737572657220404353442c204947445455572ec3b0c29fc292c2ab2020202020202020202020202020202020202020202020202020202020202020202020202020202020202020202020202020202020202020202020202020202020202020202020202020202020202020202020202020202020202020202020202020, 'SMuVAp_14', 0),
(1, 'hGmcax_1', 'pk@gmail.com', 'Phala Phala Pyaar ', 0x546869732070726f6a656374206d616b657320736f6d65207265616c6c7920696d7072657373697665206761696e732077697468206175746f6d61746963204e4c5020617070726f61636820746f207461636b6c696e6720746865206368616c6c656e67696e67207175616e746974617469766520726561736f6e696e672070726f626c656d732e204d696e657276612069732061206c61726765206c616e6775616765206d6f64656c20707265747261696e6564206f6e2067656e6572616c206e61747572616c206c616e6775616765206461746120616e64206675727468657220747261696e6564206f6e20746563686e6963616c20636f6e74656e742e20, '27ojQc_15', 0),
(1, 'uH9odc_1', 'pk@gmail.com', 'Chahida Kuch Bhi', 0x546865206d6f64656c2061636869657665732073746174652d6f662d7468652d61727420706572666f726d616e6365206f6e20746563686e6963616c2062656e63686d61726b7320776974686f75742074686520757365206f662065787465726e616c20746f6f6c732e20546865206d6f64656c20776173206576616c7561746564206f6e206f7665722074776f2068756e6472656420756e64657267726164756174652d6c6576656c2070726f626c656d7320696e20706879736963732c2062696f6c6f67792c206368656d69737472792c2065636f6e6f6d6963732c20616e64206f7468657220736369656e63657320746861742072657175697265, 'IYFEKR_16', 0),
(1, 'SpAKcO_1', 'pk@gmail.com', 'Mast Muala', 0x54686f7365207374616e64617264732061726520736f206e6172726f772074686174206d6178696d756d2070656f706c65206665656c207468657920646f6e27742073617469736679207468656d2e204974206d616b6573207468656d206665656c2074686174207468657920617265206e6f7420676f6f6420656e6f7567682e0d0a0d0a416e6420736f6369616c206e6574776f726b696e672073697465732068617665206d616465206974206576656e20776f7273652e, '36rQp0_17', 0),
(1, 'IEYxCJ_1', 'pk@gmail.com', 'Ishq Ki Baarish', 0x5468657265206973206120676f6f64206368616e636520746861742070656f706c652077686f207365656d20676f6f642d6c6f6f6b696e6720746f20796f752061726520616c736f206e6f7420736174697366696564207769746820746865207761792074686579206c6f6f6b2e20492063616e20736179207468617420626563617573652049206861642074686174206861626974206f6620637269746963697a696e67206d79206c6f6f6b732e, 'oJ81b4_18', 0),
(4, 'MwoJlI_4', 'pk@gmail.com', 'Nachi Nachi re', 0x49742773206e6f7420676f696e6720746f20687572742074686520636f6d70616e7920285468656972207269736b206973206c6f772e20496620796f75207375636b2c2074686579276c6c206669726520796f752e20496620796f7520726f636b2c2074686579276c6c206b65657020796f752e290d0a0d0a49742077696c6c206875727420594f5520696e20746865206c6f6e672072756e2e20492068617665207265636569766564206d657373616765732066726f6d2061206c6f74206f6620666f6c6b732077686f2077656e74207468726f7567682074686973, 'uHRPpE_3', 0),
(2, 'YpcOrw_2', 'pk@gmail.com', 'Kaabil hoon', 0x4576656e20696620796f7520646f6e277420686176652061206a6f6220666f72206d652c20646f6e27742069676e6f7265207468697320706f73742e2e20506c65617365206c696b6520636f6d6d656e7420736f2074686174206974207265616368657320746f20796f757220636f6e6e656374696f6e7320616e6420736f6d656f6e65206d6179206f66666572206d652061206a6f622e, 'IYFEKR_16', 0),
(2, 'xgbeGd_2', 'pk@gmail.com', 'Mika Di Vohti', 0x4c697374656e20746f204d696b612053696e6768204d696b6120446920566f687469204d503320736f6e672e204d696b6120446920566f6874692028c3a0c2a4c2aec3a0c2a4c2bfc3a0c2a4c295c3a0c2a4c2be20c3a0c2a4c2a6c3a0c2a5c28020c3a0c2a4c2b5c3a0c2a5c28bc3a0c2a4c2b9c3a0c2a5c28dc3a0c2a4c29fc3a0c2a4c2bf2920736f6e672066726f6d2074686520616c62756d204d696b6120446920566f6874692069732072656c6561736564206f6e204d617920323032322e20546865206475726174696f6e206f6620736f6e672069732030333a32382e205468697320736f6e672069732073756e67206279204d696b612053696e67682e0d0a0d0a52656c617465642054616773202d204d696b6120446920566f687469207c20c3a0c2a4c2aec3a0c2a4c2bfc3a0c2a4c295c3a0c2a4c2be20c3a0c2a4c2a6c3a0c2a5c28020c3a0c2a4c2b5c3a0c2a5c28bc3a0c2a4c2b9c3a0c2a5c28dc3a0c2a4c29fc3a0c2a4c2bf2c204d696b6120446920566f687469207c20c3a0c2a4c2aec3a0c2a4c2bfc3a0c2a4c295c3a0c2a4c2be20c3a0c2a4c2a6c3a0c2a5c28020c3a0c2a4c2b5c3a0c2a5c28bc3a0c2a4c2b9c3a0c2a5c28dc3a0c2a4c29fc3a0c2a4c2bf20536f6e672c204d696b6120446920566f687469207c20c3a0c2a4c2aec3a0c2a4c2bfc3a0c2a4c295c3a0c2a4c2be20c3a0c2a4c2a6c3a0c2a5c28020c3a0c2a4c2b5c3a0c2a5c28bc3a0c2a4c2b9c3a0c2a5c28dc3a0c2a4c29fc3a0c2a4c2bf204d503320536f6e672c204d696b6120446920566f687469207c20c3a0c2a4c2aec3a0c2a4c2bfc3a0c2a4c295c3a0c2a4c2be20c3a0c2a4c2a6c3a0c2a5c28020c3a0c2a4c2b5c3a0c2a5c28bc3a0c2a4c2b9c3a0c2a5c28dc3a0c2a4c29fc3a0c2a4c2bf204d50332c20446f776e6c6f6164204d696b6120446920566f687469207c20c3a0c2a4c2aec3a0c2a4c2bfc3a0c2a4c295c3a0c2a4c2be20c3a0c2a4c2a6c3a0c2a5c28020c3a0c2a4c2b5c3a0c2a5c28bc3a0c2a4c2b9c3a0c2a5c28dc3a0c2a4c29fc3a0c2a4c2bf20536f6e672c204d696b612053696e6768204d696b6120446920566f687469207c20c3a0c2a4c2aec3a0c2a4c2bfc3a0c2a4c295c3a0c2a4c2be20c3a0c2a4c2a6c3a0c2a5c28020c3a0c2a4c2b5c3a0c2a5c28bc3a0c2a4c2b9c3a0c2a5c28dc3a0c2a4c29fc3a0c2a4c2bf20536f6e672c204d696b6120446920566f687469204d696b6120446920566f687469207c20c3a0c2a4c2aec3a0c2a4c2bfc3a0c2a4c295c3a0c2a4c2be20c3a0c2a4c2a6c3a0c2a5c28020c3a0c2a4c2b5c3a0c2a5c28bc3a0c2a4c2b9c3a0c2a5c28dc3a0c2a4c29fc3a0c2a4c2bf20536f6e672c204d696b6120446920566f687469207c20c3a0c2a4c2aec3a0c2a4c2bfc3a0c2a4c295c3a0c2a4c2be20c3a0c2a4c2a6c3a0c2a5c28020c3a0c2a4c2b5c3a0c2a5c28bc3a0c2a4c2b9c3a0c2a5c28dc3a0c2a4c29fc3a0c2a4c2bf20536f6e67204279204d696b612053696e67682c204d696b6120446920566f687469207c20c3a0c2a4c2aec3a0c2a4c2bfc3a0c2a4c295c3a0c2a4c2be20c3a0c2a4c2a6c3a0c2a5c28020c3a0c2a4c2b5c3a0c2a5c28bc3a0c2a4c2b9c3a0c2a5c28dc3a0c2a4c29fc3a0c2a4c2bf20536f6e6720446f776e6c6f61642c20446f776e6c6f6164204d696b6120446920566f687469207c20c3a0c2a4c2aec3a0c2a4c2bfc3a0c2a4c295c3a0c2a4c2be20c3a0c2a4c2a6c3a0c2a5c28020c3a0c2a4c2b5c3a0c2a5c28bc3a0c2a4c2b9c3a0c2a5c28dc3a0c2a4c29fc3a0c2a4c2bf204d503320536f6e67, 'rixQuA_10', 0),
(3, 'bu7wtR_3', 'pk@gmail.com', 'Tum Par Hum Hai', 0x6d617a6f6e205072696d6520646179732061726520636f6d696e672e2044657369676e696e6720612073797374656d20776974682065787472656d656c79206869676820636f6e63757272656e63792c206869676820617661696c6162696c6974792c20616e6420717569636b20726573706f6e736976656e657373206e6565647320746f20636f6e7369646572206d616e79206173706563747320c3b0c29dc290c29ac3b0c29dc290c2a5c3b0c29dc290c2a520c3b0c29dc290c2adc3b0c29dc290c2a1c3b0c29dc290c29e20c3b0c29dc290c2b0c3b0c29dc290c29ac3b0c29dc290c2b220c3b0c29dc290c29fc3b0c29dc290c2abc3b0c29dc290c2a8c3b0c29dc290c2a620c3b0c29dc290c29fc3b0c29dc290c2abc3b0c29dc290c2a8c3b0c29dc290c2a7c3b0c29dc290c2adc3b0c29dc290c29ec3b0c29dc290c2a7c3b0c29dc290c29d20c3b0c29dc290c2adc3b0c29dc290c2a820c3b0c29dc290c29bc3b0c29dc290c29ac3b0c29dc290c29cc3b0c29dc290c2a4c3b0c29dc290c29ec3b0c29dc290c2a7c3b0c29dc290c29d2e20, 'rixQuA_10', 0),
(2, 'dTpvlL_2', 'pk@gmail.com', 'Gali Gali', 0x4c657373206973206d6f72652e20466577657220656c656d656e7473206f6e207468652077656220706167652c2066657765722064617461207175657269657320746f207468652064617461626173652c206665776572207765622072657175657374732c2066657765722073797374656d20646570656e64656e636965730d0a322e2053686f727420637269746963616c20706174682e20466577657220686f707320616d6f6e67207365727669636573206f72206d6572676520696e746f206f6e6520736572766963650d0a332e204173796e632e20557365206d6573736167652071756575657320746f2068616e646c65206869676820545053, 'y7tWZM_12', 0),
(2, 'VtLbyY_2', 'pk@gmail.com', ' O Saki Saki', 0x2049736f6c6174696f6e2e202049736f6c6174652073746174696320616e642064796e616d696320636f6e74656e74732c2069736f6c6174652070726f63657373657320616e642064617461626173657320666f722072617265206974656d730d0a352e204f76657273656c6c696e67206973206261642e205768656e20616e6420686f7720746f206d616e6167652074686520696e76656e746f727920697320696d706f7274616e740d0a362e205573657220657870657269656e636520697320696d706f7274616e742e20576520646f6ec3a2c280c299742077616e7420746f20696e666f726d207573657273207468617420746865792068617665207375636365737366756c6c7920706c61636564206f726465727320627574206c617465722074656c6c207468656d206e6f206974656d732061726520617661696c61626c65, 'SMuVAp_14', 0),
(2, 'np9kf4_2', 'pk@gmail.com', 'Aankh Maare', 0x5768656e20612072617265206f72207665727920706f70756c61722070726f647563742069732072656c65617365643a206e6577206950686f6e65732c205053352c206574632e0d0a2d204c696d697465642d74696d652073616c65733a20426c61636b204672696461792073616c65732c20416d617a6f6e205072696d646179206461792c206574632e0d0a0d0a53656520746865206469616772616d2062656c6f7720666f722064657461696c733a, 'L587hs_5', 0);

-- --------------------------------------------------------

--
-- Table structure for table `user`
--

CREATE TABLE `user` (
  `sn` int(11) NOT NULL,
  `code` varchar(255) NOT NULL,
  `name` varchar(255) NOT NULL,
  `email` varchar(255) NOT NULL,
  `password` varchar(255) NOT NULL,
  `country` varchar(255) NOT NULL
) ENGINE=InnoDB DEFAULT CHARSET=utf8mb4;

--
-- Dumping data for table `user`
--

INSERT INTO `user` (`sn`, `code`, `name`, `email`, `password`, `country`) VALUES
(1, 'G7QfW5_1', 'pramod Kumar Saini', 'pramod@gmail.com', '1234', 'India'),
(2, 'GnRkHw_2', 'Mittali iru', 'Mittal@gmail.com', '123', 'India');
COMMIT;

/*!40101 SET CHARACTER_SET_CLIENT=@OLD_CHARACTER_SET_CLIENT */;
/*!40101 SET CHARACTER_SET_RESULTS=@OLD_CHARACTER_SET_RESULTS */;
/*!40101 SET COLLATION_CONNECTION=@OLD_COLLATION_CONNECTION */;
